{
  "project_info": {
    "project_number": "235033064",
    "firebase_url": "https://arcane-tome-471012-d6-default-rtdb.firebaseio.com",
    "project_id": "arcane-tome-471012-d6",
    "storage_bucket": "arcane-tome-471012-d6.firebasestorage.app"
  },
  "client": [
    {
      "client_info": {
        "mobilesdk_app_id": "1:235033064:android:4d2dfbc1278c9ab2b0545d",
        "android_client_info": {
          "package_name": "Com.FunTarget.app"
        }
      },
      "oauth_client": [
        {
          "client_id": "235033064-4ds1vvedcpondrhmhh617535hcv0svmj.apps.googleusercontent.com",
          "client_type": 3
        }
      ],
      "api_key": [
        {
          "current_key": "AIzaSyBG-PgisJqk_zihYqAiDTl96IKPQA4S6iw"
        }
      ],
      "services": {
        "appinvite_service": {
          "other_platform_oauth_client": [
            {
              "client_id": "235033064-4ds1vvedcpondrhmhh617535hcv0svmj.apps.googleusercontent.com",
              "client_type": 3
            }
          ]
        }
      }
    }
  ],
  "configuration_version": "1"
}