<Tables>
  <table ID="1" GameName="TeenPatti_1" PlayersOnline="0" MaxPlayer="5" BootValue="50" maxPotLimit="1000"  maxBetLimit="500" blindLimit="3"/>
  <table ID="2" GameName="TeenPatti_2" PlayersOnline="0" MaxPlayer="4" BootValue="10" maxPotLimit="1000" maxBetLimit="500" blindLimit="3"/>
  <table ID="3" GameName="TeenPatti_3" PlayersOnline="0" MaxPlayer="5" BootValue="10" maxPotLimit="1000" maxBetLimit="500" blindLimit="3"/>
  <table ID="4" GameName="TeenPatti_4" PlayersOnline="0" MaxPlayer="5" BootValue="10" maxPotLimit="1000" maxBetLimit="500" blindLimit="3"/>
  <table ID="5" GameName="TeenPatti_5" PlayersOnline="0" MaxPlayer="5" BootValue="10" maxPotLimit="1000" maxBetLimit="500" blindLimit="3"/>
  <table ID="6" GameName="TeenPatti_6" PlayersOnline="0" MaxPlayer="5" BootValue="50" maxPotLimit="1000" maxBetLimit="500" blindLimit="3"/>
  <table ID="7" GameName="TeenPatti_7" PlayersOnline="0" MaxPlayer="5" BootValue="10" maxPotLimit="1000" maxBetLimit="500" blindLimit="3"/>
  <table ID="8" GameName="TeenPatti_8" PlayersOnline="0" MaxPlayer="3" BootValue="10" maxPotLimit="1000" maxBetLimit="500" blindLimit="3"/>
  <table ID="9" GameName="TeenPatti_9" PlayersOnline="0" MaxPlayer="5" BootValue="50" maxPotLimit="1000" maxBetLimit="500" blindLimit="3"/>
  <table ID="10" GameName="TeenPatti_10" PlayersOnline="0" MaxPlayer="5" BootValue="50" maxPotLimit="1000" maxBetLimit="500" blindLimit="3"/>
</Tables>


